MSE	RMSE	MAE	R2
0.0060512554079105605	0.07778981557961531	0.052410830791147694	0.43384654376451226
