MSE	RMSE	MAE	R2
0.005696735599216246	0.07547672223418453	0.05122960993115656	0.46701529990953405
