MSE	RMSE	MAE	R2
0.005759634078854425	0.07589225308853616	0.05164620628167308	0.4611305389403374
