MSE	RMSE	MAE	R2
0.005817724783621152	0.07627401119399158	0.0517156464619908	0.45569559179931196
