MSE	RMSE	MAE	R2
0.0034366664055614842	0.058623087649504475	0.04411541999603124	0.47542090484493493
