MSE	RMSE	MAE	R2
0.006262151367305523	0.07913375618094672	0.055331968534125545	0.3835005192589187
