MSE	RMSE	MAE	R2
0.005755168237502882	0.07586282513525898	0.051689183342400385	0.4615483615813831
