MSE	RMSE	MAE	R2
0.005766168918843666	0.07593529428957042	0.05171778159789067	0.46051914147048045
