MSE	RMSE	MAE	R2
0.005873733485571761	0.07664028630930185	0.05212400896956878	0.4504554361537334
