MSE	RMSE	MAE	R2
0.005844383442538003	0.07644856730206265	0.05198784773677185	0.45320141648080736
