MSE	RMSE	MAE	R2
0.005868308515716307	0.07660488571701095	0.05227146136323265	0.4509629945406465
